<!-- =================================================================== -->
<!-- Tests CM where there is a declared attribute.                       -->
<!-- =================================================================== -->
<foo:P xmlns:foo='urn:foo' xmlns:xsi='http://www.w3.org/2001/XMLSchema-instance'>
  <foo:P2>
    <!-- CM -->
    <foo:AC>a</foo:AC><!-- SE(foo:AC) -->
    <!-- CM -->
  </foo:P2>
  <foo:P2 foo:aA="">
    <!-- CM -->
    <foo:AC>a</foo:AC><!-- SE(foo:AC) -->
    <!-- CM -->
  </foo:P2>
  <foo:P2 xsi:nil='true' foo:aA="">
    <!-- CM -->
  </foo:P2>
  <foo:P2 xsi:type='foo:extended_P2' foo:aA="">
    <!-- CM -->
    <foo:AC>a</foo:AC><!-- SE(foo:AC) -->
    <!-- CM -->
    <foo:AC>a</foo:AC><!-- SE(foo:AC) -->
    <!-- CM -->
  </foo:P2>
</foo:P>
