<?xml version="1.0" encoding="UTF-8"?>
<!DOCTYPE foo:P [
  <!ENTITY ent SYSTEM "er-entity.xml">
]>
<!-- =================================================================== -->
<!-- Tests ER where there is a declared attribute.                       -->
<!-- =================================================================== -->
<foo:P xmlns:foo='urn:foo' xmlns:xsi='http://www.w3.org/2001/XMLSchema-instance'>
  <foo:P2>
    &ent;<!-- ER -->
    <foo:AC>a</foo:AC><!-- SE(foo:AC) -->
    &ent;<!-- ER -->
  </foo:P2>
  <foo:P2 foo:aA="">
    &ent;<!-- ER -->
    <foo:AC>a</foo:AC><!-- SE(foo:AC) -->
    &ent;<!-- ER -->
  </foo:P2>
  <foo:P2 xsi:nil='true' foo:aA="">
    &ent;<!-- ER -->
  </foo:P2>
  <foo:P2 xsi:type='foo:extended_P2' foo:aA="">
    &ent;<!-- ER -->
    <foo:AC>a</foo:AC><!-- SE(foo:AC) -->
    &ent;<!-- ER -->
    <foo:AC>a</foo:AC><!-- SE(foo:AC) -->
    &ent;<!-- ER -->
  </foo:P2>
</foo:P>
