<!-- =================================================================== -->
<!-- Tests the ability to eliminate duplicate terminal symbols.          -->
<!-- Inner loop is stateful.                                             -->
<!-- =================================================================== -->
<foo:Address xmlns:foo="urn:foo">
  <StreetB />
  <CityB />
  <StreetB />
  <CityB />
  <StreetB />
  <CityB />
  <StreetB />
  <CityB />
  <StreetB />
  <CityB />
  <Zip />
</foo:Address>
