<!-- =================================================================== -->
<!-- There are 5 declarations of the element name "foo:A" the types of   -->
<!-- which vary. The same is true for the element name "foo:B".          -->
<!-- =================================================================== -->
<foo:A xmlns:foo="urn:foo">
  <foo:A>
    <foo:A />
    <foo:B />
  </foo:A>
  <foo:B>
    <foo:B />
    <foo:A />
  </foo:B>
</foo:A>
<foo:B xmlns:foo="urn:foo">
  <foo:B>
    <foo:B />
    <foo:A />
  </foo:B>
  <foo:A>
    <foo:A />
    <foo:B />
  </foo:A>
</foo:B>
