<!-- =================================================================== -->
<!-- There are 3 declarations of the element name "foo:A" all of which   -->
<!-- use the same type with the same nillability "true". The same is     -->
<!-- true for the element name "foo:B".                                  -->
<!-- =================================================================== -->
<foo:A xmlns:foo="urn:foo">
  <foo:A>
    <foo:A />
    <foo:B />
  </foo:A>
  <foo:B>
    <foo:B />
    <foo:A />
  </foo:B>
</foo:A>
<foo:A xmlns:foo="urn:foo" xmlns:xsi='http://www.w3.org/2001/XMLSchema-instance' 
  xsi:nil='true'/>
<foo:B xmlns:foo="urn:foo">
  <foo:B>
    <foo:B />
    <foo:A />
  </foo:B>
  <foo:A>
    <foo:A />
    <foo:B />
  </foo:A>
</foo:B>
<foo:B xmlns:foo="urn:foo" xmlns:xsi='http://www.w3.org/2001/XMLSchema-instance' 
  xsi:nil='true'/>
