<testCaseGroup xmlns="http://www.sun.com/japex/testSuite" xmlns:xi="http://www.w3.org/2001/XInclude"
    name="BuiltIn Element Grammar tests">

    <param name="groupId" value="${groupId} | builtinElementGrammar"/>

    <param name="testDocFolder" value="${japex.exi.ttfms.testCasesDir}/interop/builtInGrammar/xsitype"/>
    <param name="reference" value="http://www.w3.org/TR/exi/#builtinElemGrammars"/>

    <testCase name="builtin.xsitype-00">
        <param name="testDescription"  value="xsi:type use with no schema"/>
        <param name="org.w3c.exi.ttf.useSchemas" value="false" />
        <param name="japex.inputFile" value="${testDocFolder}/xsitype-valid-00.xml" />
    </testCase>
    <testCase name="builtin.xsitype-01">
        <param name="testDescription"  value="Simple type xsi:type use with schema=''"/>
        <param name="org.w3c.exi.ttf.useSchemas" value="true" />
        <param name="org.w3c.exi.ttf.schemaLocation" value=""/>
        <param name="japex.inputFile" value="${testDocFolder}/xsitype-valid-00.xml" />
    </testCase>
    <testCase name="builtin.xsitype-02">
        <param name="testDescription"  value="Various unresolvable xsi:type with no schema"/>
        <param name="org.w3c.exi.ttf.useSchemas" value="false" />
        <param name="japex.inputFile" value="${testDocFolder}/xsitype-invalid-01.xml" />
    </testCase>
    <testCase name="builtin.xsitype-03">
        <param name="testDescription"  value="Various unresolvable xsi:type with schema=''"/>
        <param name="org.w3c.exi.ttf.useSchemas" value="true" />
        <param name="org.w3c.exi.ttf.schemaLocation" value=""/>
        <param name="japex.inputFile" value="${testDocFolder}/xsitype-invalid-01.xml" />
    </testCase>
    <testCase name="builtin.xsitype-04">
        <param name="testDescription"  value="Xsi:type with empty URL"/>
        <param name="japex.inputFile" value="${testDocFolder}/xsitype-invalid-02.xml" />
    </testCase>

</testCaseGroup>

