<testCaseGroup xmlns="http://www.sun.com/japex/testSuite" xmlns:xi="http://www.w3.org/2001/XInclude"
    name="Preserve Schema Informed Element Grammar tests">

    <param name="schemaInformedDataDir" value="${japex.exi.ttfms.testCasesDir}/interop/schemaInformedGrammar"/>

    <param name="org.w3c.exi.ttf.useSchemas" value="true" />
    <param name="org.w3c.exi.ttf.schemaDeviations" value="true"/>
    <param name="reference" value="http://www.w3.org/TR/exi/#addingProductions"/>
    <param name="org.w3c.exi.ttf.schemaLocation" value="${schemaInformedDataDir}/acceptance.xsd"/>

    <!-- pruning is also mostly tested in schema informed tests 
         we vary the fidelity options a bit for further tests -->
    <testCase name="preserve.schemaInformed.element-00">
        <param name="testDescription"
          value="Tests CM and PIs with all fidelity options."/>
        <param name="japex.inputFile" value="${schemaInformedDataDir}/undeclaredProductions/cm-01.xml" />
        <param name="org.w3c.exi.ttf.schemaDeviations" value="true" />
        <param name="org.w3c.exi.ttf.preserve" value="comments pis dtds"/>
    </testCase>

    <testCase name="preserve.schemaInformed.element-01">
        <param name="testDescription"
          value="Tests ER with all fidelity options."/>
        <param name="japex.inputFile" value="${schemaInformedDataDir}/undeclaredProductions/er-01.xml" />
        <param name="org.w3c.exi.ttf.schemaDeviations" value="true" />
        <param name="org.w3c.exi.ttf.preserve" value="comments pis dtds"/>
    </testCase>

    <testCase name="preserve.schemaInformed.element-02">
        <param name="testDescription"
          value="Tests ER with all pis and dtds."/>
        <param name="japex.inputFile" value="${schemaInformedDataDir}/undeclaredProductions/er-01.xml" />
        <param name="org.w3c.exi.ttf.schemaDeviations" value="true" />
        <param name="org.w3c.exi.ttf.preserve" value="pis dtds"/>
    </testCase>

</testCaseGroup>

