<!-- =================================================================== -->
<!-- EXI compression changes the order in which values are read and      -->
<!-- written to and from an EXI stream.                                  -->
<!-- http://lists.w3.org/Archives/Member/member-exi-wg/2008Mar/0033.html -->
<!-- =================================================================== -->
<root>
   <a>XXX</a>
   <b>bla</b>
   <c>foo</c>
   <b>XXX</b><!-- GlobalValue Hit -->
   <a>1</a>
   <a>2</a>
   <a>3</a>
   <a>4</a>
   <a>5</a>
   <a>6</a>
   <a>7</a>
   <a>8</a>
   <a>9</a>
   <a>10</a>
   <a>11</a>
   <a>12</a>
   <a>13</a>
   <a>14</a>
   <a>15</a>
   <a>16</a>
   <a>17</a>
   <a>18</a>
   <a>19</a>
   <a>20</a>
   <a>21</a>
   <a>22</a>
   <a>23</a>
   <a>24</a>
   <a>25</a>
   <a>26</a>
   <a>27</a>
   <a>28</a>
   <a>29</a>
   <a>30</a>
   <a>31</a>
   <a>32</a>
   <a>33</a>
   <a>34</a>
   <a>35</a>
   <a>36</a>
   <a>37</a>
   <a>38</a>
   <a>39</a>
   <a>40</a>
   <a>41</a>
   <a>42</a>
   <a>43</a>
   <a>44</a>
   <a>45</a>
   <a>46</a>
   <a>47</a>
   <a>48</a>
   <a>49</a>
   <a>50</a>
   <a>51</a>
   <a>52</a>
   <a>53</a>
   <a>54</a>
   <a>55</a>
   <a>56</a>
   <a>57</a>
   <a>58</a>
   <a>59</a>
   <a>60</a>
   <a>61</a>
   <a>62</a>
   <a>63</a>
   <a>64</a>
   <a>65</a>
   <a>66</a>
   <a>67</a>
   <a>68</a>
   <a>69</a>
   <a>70</a>
   <a>71</a>
   <a>72</a>
   <a>73</a>
   <a>74</a>
   <a>75</a>
   <a>76</a>
   <a>77</a>
   <a>78</a>
   <a>79</a>
   <a>80</a>
   <a>81</a>
   <a>82</a>
   <a>83</a>
   <a>84</a>
   <a>85</a>
   <a>86</a>
   <a>87</a>
   <a>88</a>
   <a>89</a>
   <a>90</a>
   <a>91</a>
   <a>92</a>
   <a>93</a>
   <a>94</a>
   <a>95</a>
   <a>96</a>
   <a>97</a>
   <a>98</a>
   <a>99</a>
   <a>100</a>
   <a>101</a>
   <a>102</a>
   <a>103</a>
   <a>104</a>
   <a>105</a>
   <a>106</a>
   <a>107</a>
   <a>108</a>
   <a>109</a>
   <a>110</a>
</root>
