<?xml version="1.0"?>

<table>
  <row>
    <id>0000</id>
    <firstname>Al</firstname>
    <lastname>Aranow</lastname>
    <street>1 Any St.</street>
    <city>Anytown</city>
    <state>AL</state>
    <zip>22000</zip>
  </row>
  <row>
    <id>0001</id>
    <firstname>Bob</firstname>
    <lastname>Aranow</lastname>
    <street>2 Any St.</street>
    <city>Anytown</city>
    <state>AL</state>
    <zip>22000</zip>
  </row>
  <row>
    <id>0002</id>
    <firstname>Charles</firstname>
    <lastname>Aranow</lastname>
    <street>3 Any St.</street>
    <city>Anytown</city>
    <state>AL</state>
    <zip>22000</zip>
  </row>
  <row>
    <id>0003</id>
    <firstname>David</firstname>
    <lastname>Aranow</lastname>
    <street>4 Any St.</street>
    <city>Anytown</city>
    <state>AL</state>
    <zip>22000</zip>
  </row>
  <row>
    <id>0004</id>
    <firstname>Egon</firstname>
    <lastname>Aranow</lastname>
    <street>5 Any St.</street>
    <city>Anytown</city>
    <state>AL</state>
    <zip>22000</zip>
  </row>
  <row>
    <id>0005</id>
    <firstname>Farbood</firstname>
    <lastname>Aranow</lastname>
    <street>6 Any St.</street>
    <city>Anytown</city>
    <state>AL</state>
    <zip>22000</zip>
  </row>
  <row>
    <id>0006</id>
    <firstname>George</firstname>
    <lastname>Aranow</lastname>
    <street>7 Any St.</street>
    <city>Anytown</city>
    <state>AL</state>
    <zip>22000</zip>
  </row>
  <row>
    <id>0007</id>
    <firstname>Hank</firstname>
    <lastname>Aranow</lastname>
    <street>8 Any St.</street>
    <city>Anytown</city>
    <state>AL</state>
    <zip>22000</zip>
  </row>
  <row>
    <id>0008</id>
    <firstname>Inki</firstname>
    <lastname>Aranow</lastname>
    <street>9 Any St.</street>
    <city>Anytown</city>
    <state>AL</state>
    <zip>22000</zip>
  </row>
  <row>
    <id>0009</id>
    <firstname>James</firstname>
    <lastname>Aranow</lastname>
    <street>10 Any St.</street>
    <city>Anytown</city>
    <state>AL</state>
    <zip>22000</zip>
  </row>
  <row>
    <id>0010</id>
    <firstname>Al</firstname>
    <lastname>Barker</lastname>
    <street>11 Any St.</street>
    <city>Anytown</city>
    <state>AL</state>
    <zip>22000</zip>
  </row>
  <row>
    <id>0011</id>
    <firstname>Bob</firstname>
    <lastname>Barker</lastname>
    <street>12 Any St.</street>
    <city>Anytown</city>
    <state>AL</state>
    <zip>22000</zip>
  </row>
  <row>
    <id>0012</id>
    <firstname>Charles</firstname>
    <lastname>Barker</lastname>
    <street>13 Any St.</street>
    <city>Anytown</city>
    <state>AL</state>
    <zip>22000</zip>
  </row>
  <row>
    <id>0013</id>
    <firstname>David</firstname>
    <lastname>Barker</lastname>
    <street>14 Any St.</street>
    <city>Anytown</city>
    <state>AL</state>
    <zip>22000</zip>
  </row>
  <row>
    <id>0014</id>
    <firstname>Egon</firstname>
    <lastname>Barker</lastname>
    <street>15 Any St.</street>
    <city>Anytown</city>
    <state>AL</state>
    <zip>22000</zip>
  </row>
  <row>
    <id>0015</id>
    <firstname>Farbood</firstname>
    <lastname>Barker</lastname>
    <street>16 Any St.</street>
    <city>Anytown</city>
    <state>AL</state>
    <zip>22000</zip>
  </row>
  <row>
    <id>0016</id>
    <firstname>George</firstname>
    <lastname>Barker</lastname>
    <street>17 Any St.</street>
    <city>Anytown</city>
    <state>AL</state>
    <zip>22000</zip>
  </row>
  <row>
    <id>0017</id>
    <firstname>Hank</firstname>
    <lastname>Barker</lastname>
    <street>18 Any St.</street>
    <city>Anytown</city>
    <state>AL</state>
    <zip>22000</zip>
  </row>
  <row>
    <id>0018</id>
    <firstname>Inki</firstname>
    <lastname>Barker</lastname>
    <street>19 Any St.</street>
    <city>Anytown</city>
    <state>AL</state>
    <zip>22000</zip>
  </row>
  <row>
    <id>0019</id>
    <firstname>James</firstname>
    <lastname>Barker</lastname>
    <street>20 Any St.</street>
    <city>Anytown</city>
    <state>AL</state>
    <zip>22000</zip>
  </row>
  <row>
    <id>0020</id>
    <firstname>Al</firstname>
    <lastname>Corsetti</lastname>
    <street>21 Any St.</street>
    <city>Anytown</city>
    <state>AL</state>
    <zip>22000</zip>
  </row>
  <row>
    <id>0021</id>
    <firstname>Bob</firstname>
    <lastname>Corsetti</lastname>
    <street>22 Any St.</street>
    <city>Anytown</city>
    <state>AL</state>
    <zip>22000</zip>
  </row>
  <row>
    <id>0022</id>
    <firstname>Charles</firstname>
    <lastname>Corsetti</lastname>
    <street>23 Any St.</street>
    <city>Anytown</city>
    <state>AL</state>
    <zip>22000</zip>
  </row>
  <row>
    <id>0023</id>
    <firstname>David</firstname>
    <lastname>Corsetti</lastname>
    <street>24 Any St.</street>
    <city>Anytown</city>
    <state>AL</state>
    <zip>22000</zip>
  </row>
  <row>
    <id>0024</id>
    <firstname>Egon</firstname>
    <lastname>Corsetti</lastname>
    <street>25 Any St.</street>
    <city>Anytown</city>
    <state>AL</state>
    <zip>22000</zip>
  </row>
  <row>
    <id>0025</id>
    <firstname>Farbood</firstname>
    <lastname>Corsetti</lastname>
    <street>26 Any St.</street>
    <city>Anytown</city>
    <state>AL</state>
    <zip>22000</zip>
  </row>
  <row>
    <id>0026</id>
    <firstname>George</firstname>
    <lastname>Corsetti</lastname>
    <street>27 Any St.</street>
    <city>Anytown</city>
    <state>AL</state>
    <zip>22000</zip>
  </row>
  <row>
    <id>0027</id>
    <firstname>Hank</firstname>
    <lastname>Corsetti</lastname>
    <street>28 Any St.</street>
    <city>Anytown</city>
    <state>AL</state>
    <zip>22000</zip>
  </row>
  <row>
    <id>0028</id>
    <firstname>Inki</firstname>
    <lastname>Corsetti</lastname>
    <street>29 Any St.</street>
    <city>Anytown</city>
    <state>AL</state>
    <zip>22000</zip>
  </row>
  <row>
    <id>0029</id>
    <firstname>James</firstname>
    <lastname>Corsetti</lastname>
    <street>30 Any St.</street>
    <city>Anytown</city>
    <state>AL</state>
    <zip>22000</zip>
  </row>
  <row>
    <id>0030</id>
    <firstname>Al</firstname>
    <lastname>Dershowitz</lastname>
    <street>31 Any St.</street>
    <city>Anytown</city>
    <state>AL</state>
    <zip>22000</zip>
  </row>
  <row>
    <id>0031</id>
    <firstname>Bob</firstname>
    <lastname>Dershowitz</lastname>
    <street>32 Any St.</street>
    <city>Anytown</city>
    <state>AL</state>
    <zip>22000</zip>
  </row>
  <row>
    <id>0032</id>
    <firstname>Charles</firstname>
    <lastname>Dershowitz</lastname>
    <street>33 Any St.</street>
    <city>Anytown</city>
    <state>AL</state>
    <zip>22000</zip>
  </row>
  <row>
    <id>0033</id>
    <firstname>David</firstname>
    <lastname>Dershowitz</lastname>
    <street>34 Any St.</street>
    <city>Anytown</city>
    <state>AL</state>
    <zip>22000</zip>
  </row>
  <row>
    <id>0034</id>
    <firstname>Egon</firstname>
    <lastname>Dershowitz</lastname>
    <street>35 Any St.</street>
    <city>Anytown</city>
    <state>AL</state>
    <zip>22000</zip>
  </row>
  <row>
    <id>0035</id>
    <firstname>Farbood</firstname>
    <lastname>Dershowitz</lastname>
    <street>36 Any St.</street>
    <city>Anytown</city>
    <state>AL</state>
    <zip>22000</zip>
  </row>
  <row>
    <id>0036</id>
    <firstname>George</firstname>
    <lastname>Dershowitz</lastname>
    <street>37 Any St.</street>
    <city>Anytown</city>
    <state>AL</state>
    <zip>22000</zip>
  </row>
  <row>
    <id>0037</id>
    <firstname>Hank</firstname>
    <lastname>Dershowitz</lastname>
    <street>38 Any St.</street>
    <city>Anytown</city>
    <state>AL</state>
    <zip>22000</zip>
  </row>
  <row>
    <id>0038</id>
    <firstname>Inki</firstname>
    <lastname>Dershowitz</lastname>
    <street>39 Any St.</street>
    <city>Anytown</city>
    <state>AL</state>
    <zip>22000</zip>
  </row>
  <row>
    <id>0039</id>
    <firstname>James</firstname>
    <lastname>Dershowitz</lastname>
    <street>40 Any St.</street>
    <city>Anytown</city>
    <state>AL</state>
    <zip>22000</zip>
  </row>
  <row>
    <id>0040</id>
    <firstname>Al</firstname>
    <lastname>Engleman</lastname>
    <street>41 Any St.</street>
    <city>Anytown</city>
    <state>AL</state>
    <zip>22000</zip>
  </row>
  <row>
    <id>0041</id>
    <firstname>Bob</firstname>
    <lastname>Engleman</lastname>
    <street>42 Any St.</street>
    <city>Anytown</city>
    <state>AL</state>
    <zip>22000</zip>
  </row>
  <row>
    <id>0042</id>
    <firstname>Charles</firstname>
    <lastname>Engleman</lastname>
    <street>43 Any St.</street>
    <city>Anytown</city>
    <state>AL</state>
    <zip>22000</zip>
  </row>
  <row>
    <id>0043</id>
    <firstname>David</firstname>
    <lastname>Engleman</lastname>
    <street>44 Any St.</street>
    <city>Anytown</city>
    <state>AL</state>
    <zip>22000</zip>
  </row>
  <row>
    <id>0044</id>
    <firstname>Egon</firstname>
    <lastname>Engleman</lastname>
    <street>45 Any St.</street>
    <city>Anytown</city>
    <state>AL</state>
    <zip>22000</zip>
  </row>
  <row>
    <id>0045</id>
    <firstname>Farbood</firstname>
    <lastname>Engleman</lastname>
    <street>46 Any St.</street>
    <city>Anytown</city>
    <state>AL</state>
    <zip>22000</zip>
  </row>
  <row>
    <id>0046</id>
    <firstname>George</firstname>
    <lastname>Engleman</lastname>
    <street>47 Any St.</street>
    <city>Anytown</city>
    <state>AL</state>
    <zip>22000</zip>
  </row>
  <row>
    <id>0047</id>
    <firstname>Hank</firstname>
    <lastname>Engleman</lastname>
    <street>48 Any St.</street>
    <city>Anytown</city>
    <state>AL</state>
    <zip>22000</zip>
  </row>
  <row>
    <id>0048</id>
    <firstname>Inki</firstname>
    <lastname>Engleman</lastname>
    <street>49 Any St.</street>
    <city>Anytown</city>
    <state>AL</state>
    <zip>22000</zip>
  </row>
  <row>
    <id>0049</id>
    <firstname>James</firstname>
    <lastname>Engleman</lastname>
    <street>50 Any St.</street>
    <city>Anytown</city>
    <state>AL</state>
    <zip>22000</zip>
  </row>
  <row>
    <id>0050</id>
    <firstname>Al</firstname>
    <lastname>Franklin</lastname>
    <street>51 Any St.</street>
    <city>Anytown</city>
    <state>AL</state>
    <zip>22000</zip>
  </row>
  <row>
    <id>0051</id>
    <firstname>Bob</firstname>
    <lastname>Franklin</lastname>
    <street>52 Any St.</street>
    <city>Anytown</city>
    <state>AL</state>
    <zip>22000</zip>
  </row>
  <row>
    <id>0052</id>
    <firstname>Charles</firstname>
    <lastname>Franklin</lastname>
    <street>53 Any St.</street>
    <city>Anytown</city>
    <state>AL</state>
    <zip>22000</zip>
  </row>
  <row>
    <id>0053</id>
    <firstname>David</firstname>
    <lastname>Franklin</lastname>
    <street>54 Any St.</street>
    <city>Anytown</city>
    <state>AL</state>
    <zip>22000</zip>
  </row>
  <row>
    <id>0054</id>
    <firstname>Egon</firstname>
    <lastname>Franklin</lastname>
    <street>55 Any St.</street>
    <city>Anytown</city>
    <state>AL</state>
    <zip>22000</zip>
  </row>
  <row>
    <id>0055</id>
    <firstname>Farbood</firstname>
    <lastname>Franklin</lastname>
    <street>56 Any St.</street>
    <city>Anytown</city>
    <state>AL</state>
    <zip>22000</zip>
  </row>
  <row>
    <id>0056</id>
    <firstname>George</firstname>
    <lastname>Franklin</lastname>
    <street>57 Any St.</street>
    <city>Anytown</city>
    <state>AL</state>
    <zip>22000</zip>
  </row>
  <row>
    <id>0057</id>
    <firstname>Hank</firstname>
    <lastname>Franklin</lastname>
    <street>58 Any St.</street>
    <city>Anytown</city>
    <state>AL</state>
    <zip>22000</zip>
  </row>
  <row>
    <id>0058</id>
    <firstname>Inki</firstname>
    <lastname>Franklin</lastname>
    <street>59 Any St.</street>
    <city>Anytown</city>
    <state>AL</state>
    <zip>22000</zip>
  </row>
  <row>
    <id>0059</id>
    <firstname>James</firstname>
    <lastname>Franklin</lastname>
    <street>60 Any St.</street>
    <city>Anytown</city>
    <state>AL</state>
    <zip>22000</zip>
  </row>
  <row>
    <id>0060</id>
    <firstname>Al</firstname>
    <lastname>Grice</lastname>
    <street>61 Any St.</street>
    <city>Anytown</city>
    <state>AL</state>
    <zip>22000</zip>
  </row>
  <row>
    <id>0061</id>
    <firstname>Bob</firstname>
    <lastname>Grice</lastname>
    <street>62 Any St.</street>
    <city>Anytown</city>
    <state>AL</state>
    <zip>22000</zip>
  </row>
  <row>
    <id>0062</id>
    <firstname>Charles</firstname>
    <lastname>Grice</lastname>
    <street>63 Any St.</street>
    <city>Anytown</city>
    <state>AL</state>
    <zip>22000</zip>
  </row>
  <row>
    <id>0063</id>
    <firstname>David</firstname>
    <lastname>Grice</lastname>
    <street>64 Any St.</street>
    <city>Anytown</city>
    <state>AL</state>
    <zip>22000</zip>
  </row>
  <row>
    <id>0064</id>
    <firstname>Egon</firstname>
    <lastname>Grice</lastname>
    <street>65 Any St.</street>
    <city>Anytown</city>
    <state>AL</state>
    <zip>22000</zip>
  </row>
  <row>
    <id>0065</id>
    <firstname>Farbood</firstname>
    <lastname>Grice</lastname>
    <street>66 Any St.</street>
    <city>Anytown</city>
    <state>AL</state>
    <zip>22000</zip>
  </row>
  <row>
    <id>0066</id>
    <firstname>George</firstname>
    <lastname>Grice</lastname>
    <street>67 Any St.</street>
    <city>Anytown</city>
    <state>AL</state>
    <zip>22000</zip>
  </row>
  <row>
    <id>0067</id>
    <firstname>Hank</firstname>
    <lastname>Grice</lastname>
    <street>68 Any St.</street>
    <city>Anytown</city>
    <state>AL</state>
    <zip>22000</zip>
  </row>
  <row>
    <id>0068</id>
    <firstname>Inki</firstname>
    <lastname>Grice</lastname>
    <street>69 Any St.</street>
    <city>Anytown</city>
    <state>AL</state>
    <zip>22000</zip>
  </row>
  <row>
    <id>0069</id>
    <firstname>James</firstname>
    <lastname>Grice</lastname>
    <street>70 Any St.</street>
    <city>Anytown</city>
    <state>AL</state>
    <zip>22000</zip>
  </row>
  <row>
    <id>0070</id>
    <firstname>Al</firstname>
    <lastname>Haverford</lastname>
    <street>71 Any St.</street>
    <city>Anytown</city>
    <state>AL</state>
    <zip>22000</zip>
  </row>
  <row>
    <id>0071</id>
    <firstname>Bob</firstname>
    <lastname>Haverford</lastname>
    <street>72 Any St.</street>
    <city>Anytown</city>
    <state>AL</state>
    <zip>22000</zip>
  </row>
  <row>
    <id>0072</id>
    <firstname>Charles</firstname>
    <lastname>Haverford</lastname>
    <street>73 Any St.</street>
    <city>Anytown</city>
    <state>AL</state>
    <zip>22000</zip>
  </row>
  <row>
    <id>0073</id>
    <firstname>David</firstname>
    <lastname>Haverford</lastname>
    <street>74 Any St.</street>
    <city>Anytown</city>
    <state>AL</state>
    <zip>22000</zip>
  </row>
  <row>
    <id>0074</id>
    <firstname>Egon</firstname>
    <lastname>Haverford</lastname>
    <street>75 Any St.</street>
    <city>Anytown</city>
    <state>AL</state>
    <zip>22000</zip>
  </row>
  <row>
    <id>0075</id>
    <firstname>Farbood</firstname>
    <lastname>Haverford</lastname>
    <street>76 Any St.</street>
    <city>Anytown</city>
    <state>AL</state>
    <zip>22000</zip>
  </row>
  <row>
    <id>0076</id>
    <firstname>George</firstname>
    <lastname>Haverford</lastname>
    <street>77 Any St.</street>
    <city>Anytown</city>
    <state>AL</state>
    <zip>22000</zip>
  </row>
  <row>
    <id>0077</id>
    <firstname>Hank</firstname>
    <lastname>Haverford</lastname>
    <street>78 Any St.</street>
    <city>Anytown</city>
    <state>AL</state>
    <zip>22000</zip>
  </row>
  <row>
    <id>0078</id>
    <firstname>Inki</firstname>
    <lastname>Haverford</lastname>
    <street>79 Any St.</street>
    <city>Anytown</city>
    <state>AL</state>
    <zip>22000</zip>
  </row>
  <row>
    <id>0079</id>
    <firstname>James</firstname>
    <lastname>Haverford</lastname>
    <street>80 Any St.</street>
    <city>Anytown</city>
    <state>AL</state>
    <zip>22000</zip>
  </row>
  <row>
    <id>0080</id>
    <firstname>Al</firstname>
    <lastname>Ilvedson</lastname>
    <street>81 Any St.</street>
    <city>Anytown</city>
    <state>AL</state>
    <zip>22000</zip>
  </row>
  <row>
    <id>0081</id>
    <firstname>Bob</firstname>
    <lastname>Ilvedson</lastname>
    <street>82 Any St.</street>
    <city>Anytown</city>
    <state>AL</state>
    <zip>22000</zip>
  </row>
  <row>
    <id>0082</id>
    <firstname>Charles</firstname>
    <lastname>Ilvedson</lastname>
    <street>83 Any St.</street>
    <city>Anytown</city>
    <state>AL</state>
    <zip>22000</zip>
  </row>
  <row>
    <id>0083</id>
    <firstname>David</firstname>
    <lastname>Ilvedson</lastname>
    <street>84 Any St.</street>
    <city>Anytown</city>
    <state>AL</state>
    <zip>22000</zip>
  </row>
  <row>
    <id>0084</id>
    <firstname>Egon</firstname>
    <lastname>Ilvedson</lastname>
    <street>85 Any St.</street>
    <city>Anytown</city>
    <state>AL</state>
    <zip>22000</zip>
  </row>
  <row>
    <id>0085</id>
    <firstname>Farbood</firstname>
    <lastname>Ilvedson</lastname>
    <street>86 Any St.</street>
    <city>Anytown</city>
    <state>AL</state>
    <zip>22000</zip>
  </row>
  <row>
    <id>0086</id>
    <firstname>George</firstname>
    <lastname>Ilvedson</lastname>
    <street>87 Any St.</street>
    <city>Anytown</city>
    <state>AL</state>
    <zip>22000</zip>
  </row>
  <row>
    <id>0087</id>
    <firstname>Hank</firstname>
    <lastname>Ilvedson</lastname>
    <street>88 Any St.</street>
    <city>Anytown</city>
    <state>AL</state>
    <zip>22000</zip>
  </row>
  <row>
    <id>0088</id>
    <firstname>Inki</firstname>
    <lastname>Ilvedson</lastname>
    <street>89 Any St.</street>
    <city>Anytown</city>
    <state>AL</state>
    <zip>22000</zip>
  </row>
  <row>
    <id>0089</id>
    <firstname>James</firstname>
    <lastname>Ilvedson</lastname>
    <street>90 Any St.</street>
    <city>Anytown</city>
    <state>AL</state>
    <zip>22000</zip>
  </row>
  <row>
    <id>0090</id>
    <firstname>Al</firstname>
    <lastname>Jones</lastname>
    <street>91 Any St.</street>
    <city>Anytown</city>
    <state>AL</state>
    <zip>22000</zip>
  </row>
  <row>
    <id>0091</id>
    <firstname>Bob</firstname>
    <lastname>Jones</lastname>
    <street>92 Any St.</street>
    <city>Anytown</city>
    <state>AL</state>
    <zip>22000</zip>
  </row>
  <row>
    <id>0092</id>
    <firstname>Charles</firstname>
    <lastname>Jones</lastname>
    <street>93 Any St.</street>
    <city>Anytown</city>
    <state>AL</state>
    <zip>22000</zip>
  </row>
  <row>
    <id>0093</id>
    <firstname>David</firstname>
    <lastname>Jones</lastname>
    <street>94 Any St.</street>
    <city>Anytown</city>
    <state>AL</state>
    <zip>22000</zip>
  </row>
  <row>
    <id>0094</id>
    <firstname>Egon</firstname>
    <lastname>Jones</lastname>
    <street>95 Any St.</street>
    <city>Anytown</city>
    <state>AL</state>
    <zip>22000</zip>
  </row>
  <row>
    <id>0095</id>
    <firstname>Farbood</firstname>
    <lastname>Jones</lastname>
    <street>96 Any St.</street>
    <city>Anytown</city>
    <state>AL</state>
    <zip>22000</zip>
  </row>
  <row>
    <id>0096</id>
    <firstname>George</firstname>
    <lastname>Jones</lastname>
    <street>97 Any St.</street>
    <city>Anytown</city>
    <state>AL</state>
    <zip>22000</zip>
  </row>
  <row>
    <id>0097</id>
    <firstname>Hank</firstname>
    <lastname>Jones</lastname>
    <street>98 Any St.</street>
    <city>Anytown</city>
    <state>AL</state>
    <zip>22000</zip>
  </row>
  <row>
    <id>0098</id>
    <firstname>Inki</firstname>
    <lastname>Jones</lastname>
    <street>99 Any St.</street>
    <city>Anytown</city>
    <state>AL</state>
    <zip>22000</zip>
  </row>
  <row>
    <id>0099</id>
    <firstname>James</firstname>
    <lastname>Jones</lastname>
    <street>100 Any St.</street>
    <city>Anytown</city>
    <state>AL</state>
    <zip>22000</zip>
  </row>
</table>
