<ns1:invoice xmlns:ns1="http://www.sun.com/schema/spidermarkexpress/sm-inv">
  <Header>
    <IssueDateTime>2003-03-13T13:13:32-08:00</IssueDateTime>
    <Identifier schemeAgencyName="ISO" schemeName="Invoice">15570720</Identifier>
    <POIdentifier schemeName="Generic" schemeAgencyName="ISO">691</POIdentifier>
    <BuyerParty>
      <PartyID schemeName="SpiderMarkExpress" schemeAgencyName="SUNW">1</PartyID>
      <Name>IDES Retail INC US</Name>
      <Address>
        <Street>Hill St.</Street>
        <HouseID schemeName="HouseID" schemeAgencyName="house">5555</HouseID>
        <RoomID schemeName="RoomID" schemeAgencyName="room">Suite 3</RoomID>
        <CityName>Boston</CityName>
        <PostalZoneID schemeName="Zipcode" schemeAgencyName="USPS">01234</PostalZoneID>
        <StateName>MA</StateName>
        <CountryIdentificationCode listAgencyId="ISO" listId="3166">US</CountryIdentificationCode>
      </Address>
      <Contact>
        <Name>Joe Buyer</Name>
        <Communication>
          <Value>313-555-1212</Value>
          <ChannelID schemeName="SpiderMarkExpress" schemeAgencyName="SUNW">phone</ChannelID>
        </Communication>
        <Communication>
          <Value>313-555-1213</Value>
          <ChannelID schemeName="SpiderMarkExpress" schemeAgencyName="SUNW">fax</ChannelID>
        </Communication>
      </Contact>
    </BuyerParty>
    <SellerParty>
      <PartyID schemeName="Generic" schemeAgencyName="ISO">10</PartyID>
      <Name>1YvMdIkxZRXszgQfmoKqkit</Name>
      <Address>
        <Street>ZNk</Street>
        <HouseID schemeName="Generic" schemeAgencyName="ISO">1234</HouseID>
        <RoomID schemeName="Generic" schemeAgencyName="ISO">Ste 301</RoomID>
        <CityName>tzFMMtlE1lxdag</CityName>
        <PostalZoneID schemeName="Generic" schemeAgencyName="ISO">992292786</PostalZoneID>
        <StateName>FL</StateName>
        <CountryIdentificationCode listAgencyId="ISO" listId="3166">SY</CountryIdentificationCode>
      </Address>
      <Contact>
        <Name>jjzxxgwwqgwqjf</Name>
        <Communication>
          <Value>jjzxxgwwqgwqjf@1YvMdIkxZRXszgQfmoKqkit.com</Value>
          <ChannelID schemeName="Generic" schemeAgencyName="ISO">email</ChannelID>
        </Communication>
        <Communication>
          <Value>9433593740064593</Value>
          <ChannelID schemeName="Generic" schemeAgencyName="ISO">phone</ChannelID>
        </Communication>
        <Communication>
          <Value>38667976759785</Value>
          <ChannelID schemeName="Generic" schemeAgencyName="ISO">fax</ChannelID>
        </Communication>
      </Contact>
    </SellerParty>
    <Shipment>
      <ShipDate>2003-03-13T13:13:32-08:00</ShipDate>
      <TransportModeID schemeAgencyName="ISO" schemeName="TransportMode">sea</TransportModeID>
      <CarrierID schemeAgencyName="ISO" schemeName="Carrier">UPS</CarrierID>
    </Shipment>
    <PaymentMeans>
      <PaymentDate>2003-04-13</PaymentDate>
      <PayeeFinancialAccount>
        <Identifier schemeAgencyName="ISO" schemeName="Account">312098283</Identifier>
        <FinancialInstitution>
          <Identifier schemeAgencyName="UN" schemeName="Financial Institution">33747420</Identifier>
          <Name>Caaco</Name>
          <Address>
                        <Street>H9LHLljO Street</Street>
            <HouseID schemeName="Generic" schemeAgencyName="ISO">15</HouseID>
            <CityName>Yigmnvii</CityName>
            <PostalZoneID schemeName="Generic" schemeAgencyName="ISO">48839</PostalZoneID>
            <StateName>CT</StateName>
            <CountryIdentificationCode listAgencyId="ISO" listId="3166">US</CountryIdentificationCode>
          </Address>
        </FinancialInstitution>
        <TypeID schemeAgencyName="ISO" schemeName="Account Type">vozbix</TypeID>
        <AccountName>Adrvgrri</AccountName>
      </PayeeFinancialAccount>
    </PaymentMeans>
  </Header>
  <LineItem>
    <LineID schemeName="Generic" schemeAgencyName="ISO">0</LineID>
    <Item>
      <StandardItemIdentifier schemeName="Generic" schemeAgencyName="ISO">20</StandardItemIdentifier>
      <Description>vZCwLwz1AGtbQT7t0diKccyB0rm0DXS5JFUWZyFcDFW7t</Description>
      <Quantity unitCode="number">10</Quantity>
    </Item>
    <OrderStatus listId="OrderStatus" listAgencyId="Sun">FULFILLED</OrderStatus>
    <Pricing>
      <GrossUnitPriceAmount currencyId="USD">437.00</GrossUnitPriceAmount>
      <NetUnitPriceAmount currencyId="USD">367.08</NetUnitPriceAmount>
    </Pricing>
    <PricingVariation>
      <ServiceID schemeName="Generic" schemeAgencyName="ISO">discount</ServiceID>
      <ConditionID schemeName="Generic" schemeAgencyName="ISO">allowance</ConditionID>
      <Rate>16.00</Rate>
    </PricingVariation>
    <TotalAmount currencyId="USD">3670.80</TotalAmount>
  </LineItem>
  <LineItem>
    <LineID schemeName="Generic" schemeAgencyName="ISO">1</LineID>
    <Item>
      <StandardItemIdentifier schemeName="Generic" schemeAgencyName="ISO">20</StandardItemIdentifier>
      <Description>vZCwLwz1AGtbQT7t0diKccyB0rm0DXS5JFUWZyFcDFW7t</Description>
      <Quantity unitCode="number">10</Quantity>
    </Item>
    <OrderStatus listId="OrderStatus" listAgencyId="Sun">FULFILLED</OrderStatus>
    <Pricing>
      <GrossUnitPriceAmount currencyId="USD">437.00</GrossUnitPriceAmount>
      <NetUnitPriceAmount currencyId="USD">367.08</NetUnitPriceAmount>
    </Pricing>
    <PricingVariation>
      <ServiceID schemeName="Generic" schemeAgencyName="ISO">discount</ServiceID>
      <ConditionID schemeName="Generic" schemeAgencyName="ISO">allowance</ConditionID>
      <Rate>16.00</Rate>
    </PricingVariation>
    <TotalAmount currencyId="USD">3670.80</TotalAmount>
  </LineItem>
  <LineItem>
    <LineID schemeName="Generic" schemeAgencyName="ISO">2</LineID>
    <Item>
      <StandardItemIdentifier schemeName="Generic" schemeAgencyName="ISO">20</StandardItemIdentifier>
      <Description>vZCwLwz1AGtbQT7t0diKccyB0rm0DXS5JFUWZyFcDFW7t</Description>
      <Quantity unitCode="number">10</Quantity>
    </Item>
    <OrderStatus listId="OrderStatus" listAgencyId="Sun">FULFILLED</OrderStatus>
    <Pricing>
      <GrossUnitPriceAmount currencyId="USD">437.00</GrossUnitPriceAmount>
      <NetUnitPriceAmount currencyId="USD">367.08</NetUnitPriceAmount>
    </Pricing>
    <PricingVariation>
      <ServiceID schemeName="Generic" schemeAgencyName="ISO">discount</ServiceID>
      <ConditionID schemeName="Generic" schemeAgencyName="ISO">allowance</ConditionID>
      <Rate>16.00</Rate>
    </PricingVariation>
    <TotalAmount currencyId="USD">3670.80</TotalAmount>
  </LineItem>
  <LineItem>
    <LineID schemeName="Generic" schemeAgencyName="ISO">3</LineID>
    <Item>
      <StandardItemIdentifier schemeName="Generic" schemeAgencyName="ISO">20</StandardItemIdentifier>
      <Description>vZCwLwz1AGtbQT7t0diKccyB0rm0DXS5JFUWZyFcDFW7t</Description>
      <Quantity unitCode="number">10</Quantity>
    </Item>
    <OrderStatus listId="OrderStatus" listAgencyId="Sun">FULFILLED</OrderStatus>
    <Pricing>
      <GrossUnitPriceAmount currencyId="USD">437.00</GrossUnitPriceAmount>
      <NetUnitPriceAmount currencyId="USD">367.08</NetUnitPriceAmount>
    </Pricing>
    <PricingVariation>
      <ServiceID schemeName="Generic" schemeAgencyName="ISO">discount</ServiceID>
      <ConditionID schemeName="Generic" schemeAgencyName="ISO">allowance</ConditionID>
      <Rate>16.00</Rate>
    </PricingVariation>
    <TotalAmount currencyId="USD">3670.80</TotalAmount>
  </LineItem>
  <LineItem>
    <LineID schemeName="Generic" schemeAgencyName="ISO">4</LineID>
    <Item>
      <StandardItemIdentifier schemeName="Generic" schemeAgencyName="ISO">20</StandardItemIdentifier>
      <Description>vZCwLwz1AGtbQT7t0diKccyB0rm0DXS5JFUWZyFcDFW7t</Description>
      <Quantity unitCode="number">10</Quantity>
    </Item>
    <OrderStatus listId="OrderStatus" listAgencyId="Sun">FULFILLED</OrderStatus>
    <Pricing>
      <GrossUnitPriceAmount currencyId="USD">437.00</GrossUnitPriceAmount>
      <NetUnitPriceAmount currencyId="USD">367.08</NetUnitPriceAmount>
    </Pricing>
    <PricingVariation>
      <ServiceID schemeName="Generic" schemeAgencyName="ISO">discount</ServiceID>
      <ConditionID schemeName="Generic" schemeAgencyName="ISO">allowance</ConditionID>
      <Rate>16.00</Rate>
    </PricingVariation>
    <TotalAmount currencyId="USD">3670.80</TotalAmount>
  </LineItem>
  <LineItem>
    <LineID schemeName="Generic" schemeAgencyName="ISO">5</LineID>
    <Item>
      <StandardItemIdentifier schemeName="Generic" schemeAgencyName="ISO">20</StandardItemIdentifier>
      <Description>vZCwLwz1AGtbQT7t0diKccyB0rm0DXS5JFUWZyFcDFW7t</Description>
      <Quantity unitCode="number">10</Quantity>
    </Item>
    <OrderStatus listId="OrderStatus" listAgencyId="Sun">FULFILLED</OrderStatus>
    <Pricing>
      <GrossUnitPriceAmount currencyId="USD">437.00</GrossUnitPriceAmount>
      <NetUnitPriceAmount currencyId="USD">367.08</NetUnitPriceAmount>
    </Pricing>
    <PricingVariation>
      <ServiceID schemeName="Generic" schemeAgencyName="ISO">discount</ServiceID>
      <ConditionID schemeName="Generic" schemeAgencyName="ISO">allowance</ConditionID>
      <Rate>16.00</Rate>
    </PricingVariation>
    <TotalAmount currencyId="USD">3670.80</TotalAmount>
  </LineItem>
  <LineItem>
    <LineID schemeName="Generic" schemeAgencyName="ISO">6</LineID>
    <Item>
      <StandardItemIdentifier schemeName="Generic" schemeAgencyName="ISO">20</StandardItemIdentifier>
      <Description>vZCwLwz1AGtbQT7t0diKccyB0rm0DXS5JFUWZyFcDFW7t</Description>
      <Quantity unitCode="number">10</Quantity>
    </Item>
    <OrderStatus listId="OrderStatus" listAgencyId="Sun">FULFILLED</OrderStatus>
    <Pricing>
      <GrossUnitPriceAmount currencyId="USD">437.00</GrossUnitPriceAmount>
      <NetUnitPriceAmount currencyId="USD">367.08</NetUnitPriceAmount>
    </Pricing>
    <PricingVariation>
      <ServiceID schemeName="Generic" schemeAgencyName="ISO">discount</ServiceID>
      <ConditionID schemeName="Generic" schemeAgencyName="ISO">allowance</ConditionID>
      <Rate>16.00</Rate>
    </PricingVariation>
    <TotalAmount currencyId="USD">3670.80</TotalAmount>
  </LineItem>
  <LineItem>
    <LineID schemeName="Generic" schemeAgencyName="ISO">7</LineID>
    <Item>
      <StandardItemIdentifier schemeName="Generic" schemeAgencyName="ISO">20</StandardItemIdentifier>
      <Description>vZCwLwz1AGtbQT7t0diKccyB0rm0DXS5JFUWZyFcDFW7t</Description>
      <Quantity unitCode="number">10</Quantity>
    </Item>
    <OrderStatus listId="OrderStatus" listAgencyId="Sun">FULFILLED</OrderStatus>
    <Pricing>
      <GrossUnitPriceAmount currencyId="USD">437.00</GrossUnitPriceAmount>
      <NetUnitPriceAmount currencyId="USD">367.08</NetUnitPriceAmount>
    </Pricing>
    <PricingVariation>
      <ServiceID schemeName="Generic" schemeAgencyName="ISO">discount</ServiceID>
      <ConditionID schemeName="Generic" schemeAgencyName="ISO">allowance</ConditionID>
      <Rate>16.00</Rate>
    </PricingVariation>
    <TotalAmount currencyId="USD">3670.80</TotalAmount>
  </LineItem>
  <LineItem>
    <LineID schemeName="Generic" schemeAgencyName="ISO">8</LineID>
    <Item>
      <StandardItemIdentifier schemeName="Generic" schemeAgencyName="ISO">20</StandardItemIdentifier>
      <Description>vZCwLwz1AGtbQT7t0diKccyB0rm0DXS5JFUWZyFcDFW7t</Description>
      <Quantity unitCode="number">10</Quantity>
    </Item>
    <OrderStatus listId="OrderStatus" listAgencyId="Sun">FULFILLED</OrderStatus>
    <Pricing>
      <GrossUnitPriceAmount currencyId="USD">437.00</GrossUnitPriceAmount>
      <NetUnitPriceAmount currencyId="USD">367.08</NetUnitPriceAmount>
    </Pricing>
    <PricingVariation>
      <ServiceID schemeName="Generic" schemeAgencyName="ISO">discount</ServiceID>
      <ConditionID schemeName="Generic" schemeAgencyName="ISO">allowance</ConditionID>
      <Rate>16.00</Rate>
    </PricingVariation>
    <TotalAmount currencyId="USD">3670.80</TotalAmount>
  </LineItem>
  <LineItem>
    <LineID schemeName="Generic" schemeAgencyName="ISO">9</LineID>
    <Item>
      <StandardItemIdentifier schemeName="Generic" schemeAgencyName="ISO">20</StandardItemIdentifier>
      <Description>vZCwLwz1AGtbQT7t0diKccyB0rm0DXS5JFUWZyFcDFW7t</Description>
      <Quantity unitCode="number">10</Quantity>
    </Item>
    <OrderStatus listId="OrderStatus" listAgencyId="Sun">FULFILLED</OrderStatus>
    <Pricing>
      <GrossUnitPriceAmount currencyId="USD">437.00</GrossUnitPriceAmount>
      <NetUnitPriceAmount currencyId="USD">367.08</NetUnitPriceAmount>
    </Pricing>
    <PricingVariation>
      <ServiceID schemeName="Generic" schemeAgencyName="ISO">discount</ServiceID>
      <ConditionID schemeName="Generic" schemeAgencyName="ISO">allowance</ConditionID>
      <Rate>16.00</Rate>
    </PricingVariation>
    <TotalAmount currencyId="USD">3670.80</TotalAmount>
  </LineItem>
  <Summary>
    <LineItemCountValue>2</LineItemCountValue>
    <SubtotalAmount currencyId="USD">18215.80</SubtotalAmount>
    <PricingVariation>
      <ServiceID schemeName="Variations" schemeAgencyName="ISO">shipping and handling</ServiceID>
      <ConditionID schemeName="Conditions" schemeAgencyName="ISO">charge</ConditionID>
      <LumpSumAmount currencyId="USD">7.00</LumpSumAmount>
    </PricingVariation>
    <PriceAmount currencyId="USD">18222.80</PriceAmount>
    <PackingSlipIdentifier schemeAgencyName="ISO" schemeName="Packing Slip">156263</PackingSlipIdentifier>
  </Summary>
</ns1:invoice>
