<driverGroup xmlns="http://www.sun.com/japex/testSuite"
             xmlns:xi="http://www.w3.org/2001/XInclude">

  <param name="japex.classPath" value="${japex.exi.ttfms.frameworkLibDir}/*.jar"/>
  <param name="japex.classPath" value="${japex.exi.ttfms.candidatesDir}/exificient/dist/candidate-exificient.jar"/>
  <param name="japex.classPath" value="${japex.exi.ttfms.candidatesDir}/exificient/lib/*.jar"/>

  <param name="japex.driverClass" value="org.w3c.exi.ttf.candidate.exificient.EXIficientSAXDriver"/>
  <param name="org.w3c.exi.ttf.driver.candidateName" value="Exificient"/>

  <driver name="Exificient">
    <param name="description" value="Exificient driver for IOT"/>
  </driver>

</driverGroup>
