<testCaseGroup xmlns="http://www.sun.com/japex/testSuite" xmlns:xi="http://www.w3.org/2001/XInclude"
    name="Valid decimal encoding">

    <param name="groupId" value="${groupId} | dtrMap"/> 

    <param name="reference" value="http://www.w3.org/TR/exi/#datatypeRepresentationMap"/>
    <param name="org.w3c.exi.ttf.useSchemas" value="true"/>

    <testCase name="dtr-01">
        <param name="description"  value="Decimal mapped to string"/>
        <param name="org.w3c.exi.ttf.schemaLocation"
              value="${japex.exi.ttfms.testCasesDir}/interop/datatypes/decimal/decimal.xsd"/>
        <param name="test.docFolder" value="${japex.exi.ttfms.testCasesDir}/interop/datatypes/decimal"/>
        <param name="japex.inputFile" value="${test.docFolder}/decimal-valid-06.xml" />
	    <param name="org.w3c.exi.ttf.datatypeRepresentationMap" value=
				"{http://www.w3.org/2001/XMLSchema}decimal  {http://www.w3.org/2009/exi}string
	 			{http://www.w3.org/2001/XMLSchema}double   {http://www.w3.org/2009/exi}decimal" />
    </testCase>

    <testCase name="dtr-02">
        <param name="description"  value="Doubles mapped to decimal"/>
        <param name="org.w3c.exi.ttf.schemaLocation"
              value="${japex.exi.ttfms.testCasesDir}/interop/datatypes/float/float.xsd"/>
        <param name="test.docFolder" value="${japex.exi.ttfms.testCasesDir}/interop/datatypes/float"/>
        <param name="org.w3c.exi.ttf.schemaDeviations" value="true"/>
        <param name="japex.inputFile" value="${test.docFolder}/float-valid-08.xml" />
	    <param name="org.w3c.exi.ttf.datatypeRepresentationMap" value=
				"{http://www.w3.org/2001/XMLSchema}decimal  {http://www.w3.org/2009/exi}string
	 			{http://www.w3.org/2001/XMLSchema}double   {http://www.w3.org/2009/exi}decimal" />
    </testCase>

    <!-- testCase name="dtr-03">
        <param name="test.docFolder" value="${japex.exi.ttfms.testCasesDir}/interop/dtr"/>
        <param name="description"  value="user-defined type mapped to base64Binary"/>
        <param name="org.w3c.exi.ttf.schemaLocation" value="${test.docFolder}/dtr.xsd"/>
        <param name="japex.inputFile" value="${test.docFolder}/dtr-valid-00.xml" />
	    <param name="org.w3c.exi.ttf.datatypeRepresentationMap" value=
				"{http://example.org/ns1}KeyValueType {http://www.w3.org/2009/exi}base64Binary" />
    </testCase-->

    <testCase name="dtr-04">
        <param name="description"  value="Bounded integers to string"/>
        <param name="org.w3c.exi.ttf.schemaLocation"
              value="${japex.exi.ttfms.testCasesDir}/interop/datatypes/nbitInteger/nbitInteger.xsd"/>
        <param name="test.docFolder" value="${japex.exi.ttfms.testCasesDir}/interop/datatypes/nbitInteger"/>
        <param name="japex.inputFile" value="${test.docFolder}/nbitInteger-valid-00.xml" />
	    <param name="org.w3c.exi.ttf.datatypeRepresentationMap" value=
				"{http://www.w3.org/2001/XMLSchema}decimal  {http://www.w3.org/2009/exi}string
	 			{http://www.w3.org/2001/XMLSchema}double   {http://www.w3.org/2009/exi}decimal" />
    </testCase>

    <testCase name="dtr-05">
        <param name="description"  value="Several representation map in the derivation chains"/>
        <param name="org.w3c.exi.ttf.schemaLocation"
              value="${japex.exi.ttfms.testCasesDir}/interop/datatypes/nbitInteger/nbitInteger.xsd"/>
        <param name="test.docFolder" value="${japex.exi.ttfms.testCasesDir}/interop/datatypes/nbitInteger"/>
        <param name="japex.inputFile" value="${test.docFolder}/nbitInteger-valid-00.xml" />
	    <param name="org.w3c.exi.ttf.datatypeRepresentationMap" value=
				"{http://www.w3.org/2001/XMLSchema}decimal  {http://www.w3.org/2009/exi}string
				{http://www.w3.org/2001/XMLSchema}integer {http://www.w3.org/2009/exi}integer
	 			{http://www.w3.org/2001/XMLSchema}double   {http://www.w3.org/2009/exi}decimal" />
    </testCase>

</testCaseGroup>
