<testCaseGroup
    xmlns="http://www.sun.com/japex/testSuite"
    xmlns:xi="http://www.w3.org/2001/XInclude"
    name="Declared productions interoperability tests">

    <param name="groupId" value="${groupId} | declaredProductions"/>

    <xi:include href="schemaInformedGrammar/declaredProductions/all.xml"/>
    <xi:include href="schemaInformedGrammar/declaredProductions/choice.xml"/>
    <xi:include href="schemaInformedGrammar/declaredProductions/complexType.xml"/>
    <xi:include href="schemaInformedGrammar/declaredProductions/complexUrType.xml"/>
    <xi:include href="schemaInformedGrammar/declaredProductions/document.xml"/>
    <xi:include href="schemaInformedGrammar/declaredProductions/duplicateTerminals.xml"/>
    <xi:include href="schemaInformedGrammar/declaredProductions/element.xml"/>
    <xi:include href="schemaInformedGrammar/declaredProductions/elementFragment.xml"/>
    <xi:include href="schemaInformedGrammar/declaredProductions/elementTerm.xml"/>
    <xi:include href="schemaInformedGrammar/declaredProductions/eventCodeAssignment.xml"/>
    <xi:include href="schemaInformedGrammar/declaredProductions/fragment.xml"/>
    <xi:include href="schemaInformedGrammar/declaredProductions/particle.xml"/>
    <xi:include href="schemaInformedGrammar/declaredProductions/sequence.xml"/>
    <xi:include href="schemaInformedGrammar/declaredProductions/simpleType.xml"/>
    <xi:include href="schemaInformedGrammar/declaredProductions/wildcard.xml"/>

</testCaseGroup>
