<testCaseGroup xmlns="http://www.sun.com/japex/testSuite" xmlns:xi="http://www.w3.org/2001/XInclude"
    name="Schema-Informed Undeclared Production tests - AT(*) and AT(*) [untyped value]">
    <param name="schemaInformedDataDir" value="${japex.exi.ttfms.testCasesDir}/interop/schemaInformedGrammar"/>

    <param name="org.w3c.exi.ttf.useSchemas" value="true" />
    <param name="org.w3c.exi.ttf.schemaLocation" value="${schemaInformedDataDir}/acceptance.xsd"/>
    <param name="reference" value="http://www.w3.org/TR/exi/#addingProductions"/>

    <testCase name="schemaInformed.undeclared.attrWildcard-01">
        <param name="testDescription"  
          value="Tests undeclared AT(*)."/>
        <param name="japex.inputFile" value="${schemaInformedDataDir}/undeclaredProductions/attrWildcard-01.xml" />
        <param name="org.w3c.exi.ttf.schemaDeviations" value="true" />
    </testCase>

    <testCase name="schemaInformed.undeclared.attrWildcard-02">
        <param name="testDescription"  
          value="Tests undeclared AT(*) [untyped value] using declared attributes 
                 with invalid values."/>
        <param name="japex.inputFile" value="${schemaInformedDataDir}/undeclaredProductions/attrWildcard-02.xml" />
        <param name="org.w3c.exi.ttf.schemaDeviations" value="true" />
    </testCase>

    <testCase name="schemaInformed.undeclared.attrWildcard-03">
        <param name="testDescription"  
          value="Tests undeclared AT(*) [untyped value] using non-declared 
                 attributes."/>
        <param name="japex.inputFile" value="${schemaInformedDataDir}/undeclaredProductions/attrWildcard-03.xml" />
        <param name="org.w3c.exi.ttf.schemaDeviations" value="true" />
    </testCase>

</testCaseGroup>
