<testCaseGroup xmlns="http://www.sun.com/japex/testSuite" xmlns:xi="http://www.w3.org/2001/XInclude"
    name="Schema-Informed Undeclared Production tests - AT(qname) [untyped value]">
    <param name="schemaInformedDataDir" value="${japex.exi.ttfms.testCasesDir}/interop/schemaInformedGrammar"/>

    <param name="org.w3c.exi.ttf.useSchemas" value="true" />
    <param name="org.w3c.exi.ttf.schemaLocation" value="${schemaInformedDataDir}/acceptance.xsd"/>
    <param name="reference" value="http://www.w3.org/TR/exi/#addingProductions"/>

    <testCase name="schemaInformed.undeclared.attruseUntyped-01">
        <param name="testDescription"  
          value="Tests undeclared attribute uses (i.e. AT(qname) [untyped value])"/>
        <param name="japex.inputFile" value="${schemaInformedDataDir}/undeclaredProductions/attruseUntyped-01.xml" />
        <param name="org.w3c.exi.ttf.schemaDeviations" value="true" />
    </testCase>

</testCaseGroup>
