<testCaseGroup xmlns="http://www.sun.com/japex/testSuite" xmlns:xi="http://www.w3.org/2001/XInclude"
    name="Schema-Informed Undeclared Production tests - EE">
    <param name="schemaInformedDataDir" value="${japex.exi.ttfms.testCasesDir}/interop/schemaInformedGrammar"/>

    <param name="org.w3c.exi.ttf.useSchemas" value="true" />
    <param name="org.w3c.exi.ttf.schemaLocation" value="${schemaInformedDataDir}/acceptance.xsd"/>
    <param name="reference" value="http://www.w3.org/TR/exi/#addingProductions"/>

    <testCase name="schemaInformed.undeclared.ee-01">
        <param name="testDescription"  
          value="Use of end-of-element event where simple-type content is expected as well as required to appear"/>
        <param name="japex.inputFile" value="${schemaInformedDataDir}/undeclaredProductions/ee-01.xml" />
        <param name="org.w3c.exi.ttf.schemaDeviations" value="true" />
    </testCase>

    <testCase name="schemaInformed.undeclared.ee-02">
        <param name="testDescription"  
          value="Use of end-of-element event at the beginning of an element where 
                 at least one element is expected as well as required to appear"/>
        <param name="japex.inputFile" value="${schemaInformedDataDir}/undeclaredProductions/ee-02.xml" />
        <param name="org.w3c.exi.ttf.schemaDeviations" value="true" />
    </testCase>

    <testCase name="schemaInformed.undeclared.ee-03">
        <param name="testDescription"  
          value="Use of end-of-element event after xsi:type where at least one 
                 element is expected as well as required to appear"/>
        <param name="japex.inputFile" value="${schemaInformedDataDir}/undeclaredProductions/ee-03.xml" />
        <param name="org.w3c.exi.ttf.schemaDeviations" value="true" />
    </testCase>

    <testCase name="schemaInformed.undeclared.ee-04">
        <param name="testDescription"  
          value="Use of end-of-element event after xsi:type and xsi:nil where 
                 at least one attribute is expected as well as required to appear"/>
        <param name="japex.inputFile" value="${schemaInformedDataDir}/undeclaredProductions/ee-04.xml" />
        <param name="org.w3c.exi.ttf.schemaDeviations" value="true" />
    </testCase>

    <testCase name="schemaInformed.undeclared.ee-05">
        <param name="testDescription"  
          value="Use of end-of-element event in the middle of complex-content 
                 where at least one element is expected as well as required to 
                 appear"/>
        <param name="japex.inputFile" value="${schemaInformedDataDir}/undeclaredProductions/ee-05.xml" />
        <param name="org.w3c.exi.ttf.schemaDeviations" value="true" />
    </testCase>

    <testCase name="schemaInformed.undeclared.ee-06">
        <param name="testDescription"  
          value="Use of end-of-element event in the middle of simple-content 
                 where simple-type content is expected as well as required to 
                 appear"/>
        <param name="japex.inputFile" value="${schemaInformedDataDir}/undeclaredProductions/ee-06.xml" />
        <param name="org.w3c.exi.ttf.schemaDeviations" value="true" />
    </testCase>

</testCaseGroup>

