<testCaseGroup xmlns="http://www.sun.com/japex/testSuite" xmlns:xi="http://www.w3.org/2001/XInclude"
    name="Schema-Informed Undeclared Production tests - SE(*)">
    <param name="schemaInformedDataDir" value="${japex.exi.ttfms.testCasesDir}/interop/schemaInformedGrammar"/>

    <param name="org.w3c.exi.ttf.useSchemas" value="true" />
    <param name="org.w3c.exi.ttf.schemaLocation" value="${schemaInformedDataDir}/acceptance.xsd"/>
    <param name="reference" value="http://www.w3.org/TR/exi/#addingProductions"/>

    <testCase name="schemaInformed.undeclared.se-01">
        <param name="testDescription"  
          value="Tests undeclared SE(*) where there no declared attributes or 
                 declared attribute wildcard."/>
        <param name="japex.inputFile" value="${schemaInformedDataDir}/undeclaredProductions/se-01.xml" />
        <param name="org.w3c.exi.ttf.schemaDeviations" value="true" />
    </testCase>

    <testCase name="schemaInformed.undeclared.se-02">
        <param name="testDescription"  
          value="Tests undeclared SE(*) where there is a declared attribute."/>
        <param name="japex.inputFile" value="${schemaInformedDataDir}/undeclaredProductions/se-02.xml" />
        <param name="org.w3c.exi.ttf.schemaDeviations" value="true" />
    </testCase>

    <testCase name="schemaInformed.undeclared.se-03">
        <param name="testDescription"  
          value="Tests undeclared SE(*) where there is a declared attribute wildcard."/>
        <param name="japex.inputFile" value="${schemaInformedDataDir}/undeclaredProductions/se-03.xml" />
        <param name="org.w3c.exi.ttf.schemaDeviations" value="true" />
    </testCase>

</testCaseGroup>
