<testCaseGroup xmlns="http://www.sun.com/japex/testSuite" xmlns:xi="http://www.w3.org/2001/XInclude"
    name="Schema-Informed Undeclared Production tests - AT(xsi:nil) event type decode only tests">
    <param name="schemaInformedDataDir" value="${japex.exi.ttfms.testCasesDir}/interop/schemaInformedGrammar"/>

    <param name="org.w3c.exi.ttf.useSchemas" value="true" />
    <param name="reference" value="http://www.w3.org/TR/exi/#addingProductions"/>

    <testCaseGroup xmlns="http://www.sun.com/japex/testSuite">
        <param name="groupId" value="${groupId} | addingProductionsDefault"/>
        <testCase name="schemaInformed.undeclared.xsiNilDefault-03">
            <param name="testDescription" value="Use of xsi:nil with value 'false'"/>
            <param name="org.w3c.exi.ttf.decodeOnly" value="true" />
            <param name="japex.inputFile" value="${schemaInformedDataDir}/undeclaredProductions/xsiNilDefault-03.xml" />
            <param name="org.w3c.exi.ttf.encodedFile" value="${schemaInformedDataDir}/undeclaredProductions/xsiNilDefault-03.xml.exi" />
            <param name="org.w3c.exi.ttf.schemaLocation" value="${schemaInformedDataDir}/undeclaredProductions/nillable-01.xsd"/>
            <param name="org.w3c.exi.ttf.schemaDeviations" value="true" />
        </testCase>
    </testCaseGroup>

    <testCaseGroup xmlns="http://www.sun.com/japex/testSuite">
        <param name="groupId" value="${groupId} | addingProductionsStrict"/>
        <testCase name="schemaInformed.undeclared.xsiNilStrict-03">
            <param name="testDescription" value="Use of xsi:nil attribute with value 'false'"/>
            <param name="org.w3c.exi.ttf.decodeOnly" value="true" />
            <param name="japex.inputFile" value="${schemaInformedDataDir}/undeclaredProductions/xsiNilStrict-03.xml" />
            <param name="org.w3c.exi.ttf.encodedFile" value="${schemaInformedDataDir}/undeclaredProductions/xsiNilStrict-03.xml.exi" />
            <param name="org.w3c.exi.ttf.schemaLocation" value="${schemaInformedDataDir}/undeclaredProductions/nillable-01.xsd"/>
            <param name="org.w3c.exi.ttf.schemaDeviations" value="false" />
        </testCase>
    </testCaseGroup>

</testCaseGroup>
