<root>
  <a>test00</a>
  <a>test01</a>
  <a>test02</a>
  <a>test03</a>
  <a>test04</a>
  <a>test05</a>
  <a>test06</a>
  <a>test07</a>
  <a>test08</a>
  <a>test09</a>
  <a>test10</a>
  <a>test11</a>
  <a>test12</a>
  <a>test13</a>
  <a>test14</a>
  <a>test15</a>
  <a>test16</a>
  <a>test17</a>
  <a>test18</a>
  <a>test19</a>
  <a>test20</a>
  <a>test21</a>
  <a>test22</a>
  <a>test23</a>
  <a>test24</a>
  <a>test25</a>
  <a>test26</a>
  <a>test27</a>
  <a>test28</a>
  <a>test29</a>
  <a>test30</a>
  <a>test31</a>
  <a>test32</a>
  <a>test33</a>
  <a>test34</a>
  <a>test35</a>
  <a>test36</a>
  <a>test37</a>
  <a>test38</a>
  <a>test39</a>
  <a>test40</a>
  <a>test41</a>
  <a>test42</a>
  <a>test43</a>
  <a>test44</a>
  <a>test45</a>
  <a>test46</a>
  <a>test47</a>
  <a>test48</a>
  <a>test49</a>
  <a>test50</a>
  <a>test51</a>
  <a>test52</a>
  <a>test53</a>
  <a>test54</a>
  <a>test55</a>
  <a>test56</a>
  <a>test57</a>
  <a>test58</a>
  <a>test59</a>
  <a>test60</a>
  <a>test61</a>
  <a>test62</a>
  <a>test63</a>
  <a>test64</a>
  <a>test65</a>
  <a>test66</a>
  <a>test67</a>
  <a>test68</a>
  <a>test69</a>
  <a>test70</a>
  <a>test71</a>
  <a>test72</a>
  <a>test73</a>
  <a>test74</a>
  <a>test75</a>
  <a>test76</a>
  <a>test77</a>
  <a>test78</a>
  <a>test79</a>
  <a>test80</a>
  <a>test81</a>
  <a>test82</a>
  <a>test83</a>
  <a>test84</a>
  <a>test85</a>
  <a>test86</a>
  <a>test87</a>
  <a>test88</a>
  <a>test89</a>
  <a>test90</a>
  <a>test91</a>
  <a>test92</a>
  <a>test93</a>
  <a>test94</a>
  <a>test95</a>
  <a>test96</a>
  <a>test97</a>
  <a>test98</a>
  <a>test99</a>
  <a>test00</a>
  <a>test01</a>
  <a>test02</a>
  <a>test03</a>
  <a>test04</a>
  <a>test05</a>
  <a>test06</a>
  <a>test07</a>
  <a>test08</a>
  <a>test09</a>
  <a>test10</a>
  <a>test11</a>
  <a>test12</a>
  <a>test13</a>
  <a>test14</a>
  <a>test15</a>
  <a>test16</a>
  <a>test17</a>
  <a>test18</a>
  <a>test19</a>
  <a>test20</a>
  <a>test21</a>
  <a>test22</a>
  <a>test23</a>
  <a>test24</a>
  <a>test25</a>
  <a>test26</a>
  <a>test27</a>
  <a>test28</a>
  <a>test29</a>
  <a>test30</a>
  <a>test31</a>
  <a>test32</a>
  <a>test33</a>
  <a>test34</a>
  <a>test35</a>
  <a>test36</a>
  <a>test37</a>
  <a>test38</a>
  <a>test39</a>
  <a>test40</a>
  <a>test41</a>
  <a>test42</a>
  <a>test43</a>
  <a>test44</a>
  <a>test45</a>
  <a>test46</a>
  <a>test47</a>
  <a>test48</a>
  <a>test49</a>
  <a>test50</a>
  <a>test51</a>
  <a>test52</a>
  <a>test53</a>
  <a>test54</a>
  <a>test55</a>
  <a>test56</a>
  <a>test57</a>
  <a>test58</a>
  <a>test59</a>
  <a>test60</a>
  <a>test61</a>
  <a>test62</a>
  <a>test63</a>
  <a>test64</a>
  <a>test65</a>
  <a>test66</a>
  <a>test67</a>
  <a>test68</a>
  <a>test69</a>
  <a>test70</a>
  <a>test71</a>
  <a>test72</a>
  <a>test73</a>
  <a>test74</a>
  <a>test75</a>
  <a>test76</a>
  <a>test77</a>
  <a>test78</a>
  <a>test79</a>
  <a>test80</a>
  <a>test81</a>
  <a>test82</a>
  <a>test83</a>
  <a>test84</a>
  <a>test85</a>
  <a>test86</a>
  <a>test87</a>
  <a>test88</a>
  <a>test89</a>
  <a>test90</a>
  <a>test91</a>
  <a>test92</a>
  <a>test93</a>
  <a>test94</a>
  <a>test95</a>
  <a>test96</a>
  <a>test97</a>
  <a>test98</a>
  <a>test99</a>
</root>
