<testCaseGroup xmlns="http://www.sun.com/japex/testSuite" xmlns:xi="http://www.w3.org/2001/XInclude"
    name="Valid binary encoding">

    <param name="groupId" value="${groupId} | binaryValid"/> 

    <param name="org.w3c.exi.ttf.useSchemas" value="true" />
    <param name="org.w3c.exi.ttf.schemaLocation"
        value="${japex.exi.ttfms.testCasesDir}/interop/datatypes/binary/binary.xsd"/>
    <param name="test.docFolder" value="${japex.exi.ttfms.testCasesDir}/interop/datatypes/binary"/>
    <param name="reference" value="http://www.w3.org/TR/exi/#encodingBinary"/>

    <testCase name="base64.valid-00">
        <param name="description"  value="Valid small base64 element value"/>
        <param name="japex.inputFile" value="${test.docFolder}/base64-valid-00.xml" />
    </testCase>
    <testCase name="base64.valid-01">
        <param name="description"  value="Valid base64 element value with '=' chars"/>
        <param name="japex.inputFile" value="${test.docFolder}/base64-valid-01.xml" />
    </testCase>
    <testCase name="base64.valid-02">
        <param name="description"  value="Base64 element with no value"/>
        <param name="japex.inputFile" value="${test.docFolder}/base64-valid-02.xml" />
    </testCase>
    <testCase name="base64.valid-03">
        <param name="description"  value="Valid base64+whitespaces element value"/>
        <param name="japex.inputFile" value="${test.docFolder}/base64-valid-03.xml" />
    </testCase>
    <testCase name="base64.valid-04">
        <param name="description"  value="Valid whitespaces+base64 element value"/>
        <param name="japex.inputFile" value="${test.docFolder}/base64-valid-04.xml" />
    </testCase>
    <testCase name="base64.valid-05">
        <param name="description"  value="Valid base64 attribute value"/>
        <param name="japex.inputFile" value="${test.docFolder}/base64-valid-05.xml" />
    </testCase>
    <testCase name="hex.valid-00">
        <param name="description"  value="Valid hexa value"/>
        <param name="japex.inputFile" value="${test.docFolder}/hex-valid-00.xml" />
    </testCase>

</testCaseGroup>
