<testCaseGroup xmlns="http://www.sun.com/japex/testSuite" xmlns:xi="http://www.w3.org/2001/XInclude"
    name="Valid float encoding">

    <param name="groupId" value="${groupId} | floatValid"/> 

    <param name="org.w3c.exi.ttf.useSchemas" value="true" />
    <param name="org.w3c.exi.ttf.schemaLocation"
        value="${japex.exi.ttfms.testCasesDir}/interop/datatypes/float/float.xsd"/>
    <param name="test.docFolder" value="${japex.exi.ttfms.testCasesDir}/interop/datatypes/float"/>
    <param name="reference" value="http://www.w3.org/TR/exi/#encodingFloat"/>

    <testCase name="float.valid-00">
        <param name="description"  value="Simple positive float values"/>
        <param name="japex.inputFile" value="${test.docFolder}/float-valid-00.xml" />
    </testCase>
    <testCase name="float.valid-01">
        <param name="description"  value="INF float value"/>
        <param name="japex.inputFile" value="${test.docFolder}/float-valid-01.xml" />
    </testCase>
    <testCase name="float.valid-02">
        <param name="description"  value="-INF float value"/>
        <param name="japex.inputFile" value="${test.docFolder}/float-valid-02.xml" />
    </testCase>
    <testCase name="float.valid-03">
        <param name="description"  value="NaN float value"/>
        <param name="japex.inputFile" value="${test.docFolder}/float-valid-03.xml" />
    </testCase>
    <testCase name="float.valid-04">
        <param name="description"  value="Simple positive double value"/>
        <param name="japex.inputFile" value="${test.docFolder}/float-valid-04.xml" />
    </testCase>
    <testCase name="float.valid-05">
        <param name="description"  value="Float values with negative mantissa and exponent"/>
        <param name="japex.inputFile" value="${test.docFolder}/float-valid-05.xml" />
    </testCase>
    <testCase name="float.valid-06">
        <param name="description"  value="Double values"/>
        <param name="japex.inputFile" value="${test.docFolder}/float-valid-06.xml" />
    </testCase>
    <testCase name="float.valid-07">
        <param name="description"  value="Float values with big exponents"/>
        <param name="japex.inputFile" value="${test.docFolder}/float-valid-07.xml" />
        <param name="org.w3c.exi.ttf.schemaDeviations" value="true"/>
    </testCase>
    <testCase name="float.valid-08">
        <param name="description"  value="Float values with big mantissas"/>
        <param name="japex.inputFile" value="${test.docFolder}/float-valid-08.xml" />
        <param name="org.w3c.exi.ttf.schemaDeviations" value="true"/>
    </testCase>

</testCaseGroup>
