<testCaseGroup xmlns="http://www.sun.com/japex/testSuite" xmlns:xi="http://www.w3.org/2001/XInclude"
    name="Valid integer encoding">

    <param name="org.w3c.exi.ttf.useSchemas" value="true" />
    <param name="org.w3c.exi.ttf.schemaLocation"
        value="${japex.exi.ttfms.testCasesDir}/interop/datatypes/integer/integer.xsd"/>
    <param name="test.docFolder" value="${japex.exi.ttfms.testCasesDir}/interop/datatypes/integer"/>
    <param name="reference" value="http://www.w3.org/TR/exi/#encodingInteger"/>
    
    <testCase name="integer-invalid-00">
        <param name="description"  value="Invalid integer element value"/>
        <param name="japex.inputFile" value="${test.docFolder}/integer-invalid-00.xml" />
    </testCase>
    <testCase name="integer-invalid-01">
        <param name="description"  value="Invalid integer element value"/>
        <param name="japex.inputFile" value="${test.docFolder}/integer-invalid-01.xml" />
    </testCase>
    <testCase name="integer-invalid-02">
        <param name="description"  value="Invalid integer element value"/>
        <param name="japex.inputFile" value="${test.docFolder}/integer-invalid-02.xml" />
    </testCase>
</testCaseGroup>
