<testCaseGroup xmlns="http://www.sun.com/japex/testSuite" xmlns:xi="http://www.w3.org/2001/XInclude"
    name="Valid qname encoding">

    <param name="org.w3c.exi.ttf.useSchemas" value="true" />
    <param name="org.w3c.exi.ttf.schemaLocation"
        value="${japex.exi.ttfms.testCasesDir}/interop/datatypes/qname/qname.xsd"/>
    <param name="test.docFolder" value="${japex.exi.ttfms.testCasesDir}/interop/datatypes/qname"/>
    <param name="reference" value="http://www.w3.org/TR/exi/#encodingQName"/>

    <!-- input files are not always schema-valid -->
   <testCase name="qname.invalid-00">
        <param name="org.w3c.exi.ttf.preserve" value="prefixes" />
        <param name="description"  value="Simple qname values (prefixes preserved)"/>
        <param name="japex.inputFile" value="${test.docFolder}/qname-invalid-00.xml" />
    </testCase>
    <testCase name="qname.invalid-01">
        <param name="org.w3c.exi.ttf.preserve" value="prefixes" />
        <param name="description"  value="qname values without prefix and/or URI (prefixes preserved)"/>
        <param name="japex.inputFile" value="${test.docFolder}/qname-invalid-01.xml" />
    </testCase>
    <!-- testCase name="qname.invalid-02">
        <param name="org.w3c.exi.ttf.preserve" value="" />
        <param name="description"  value="Simple qname values (prefixes not preserved)"/>
        <param name="japex.inputFile" value="${test.docFolder}/qname-invalid-00.xml" />
    </testCase>
    <testCase name="qname.invalid-03">
        <param name="org.w3c.exi.ttf.preserve" value="" />
        <param name="description"  value="qname values without prefix and/or URI (prefixes not preserved)"/>
        <param name="japex.inputFile" value="${test.docFolder}/qname-invalid-01.xml" />
    </testCase-->


</testCaseGroup>
