<testCaseGroup xmlns="http://www.sun.com/japex/testSuite" xmlns:xi="http://www.w3.org/2001/XInclude"
    name="Valid unsigned integer encoding">

    <param name="groupId" value="${groupId} | unsignedIntegerValid"/> 

    <param name="org.w3c.exi.ttf.useSchemas" value="true" />
    <param name="org.w3c.exi.ttf.schemaLocation"
        value="${japex.exi.ttfms.testCasesDir}/interop/datatypes/unsignedInteger/unsignedInteger.xsd"/>
    <param name="test.docFolder" value="${japex.exi.ttfms.testCasesDir}/interop/datatypes/unsignedInteger"/>
    <param name="reference" value="http://www.w3.org/TR/exi/#encodingUnsignedInteger"/>
    
    <testCase name="unsignedInteger-valid-00">
        <param name="description"  value="Valid unsigned integer element value"/>
        <param name="japex.inputFile" value="${test.docFolder}/unsignedInteger-valid-00.xml" />
    </testCase>
    <testCase name="unsignedInteger-valid-01">
        <param name="description"  value="Valid unsigned integer element value"/>
        <param name="japex.inputFile" value="${test.docFolder}/unsignedInteger-valid-01.xml" />
    </testCase>
    <testCase name="unsignedInteger-valid-02">
        <param name="description"  value="Valid unsigned integer element value"/>
        <param name="japex.inputFile" value="${test.docFolder}/unsignedInteger-valid-02.xml" />
    </testCase>
    <testCase name="unsignedInteger-valid-03">
        <param name="description"  value="Valid unsigned  integer element value"/>
        <param name="japex.inputFile" value="${test.docFolder}/unsignedInteger-valid-03.xml" />
    </testCase>
    <testCase name="unsignedInteger-valid-04">
        <param name="description"  value="Valid unsigned  integer element value"/>
        <param name="japex.inputFile" value="${test.docFolder}/unsignedInteger-valid-04.xml" />
    </testCase>
    <testCase name="unsignedInteger-valid-05">
        <param name="description"  value="Valid unsigned integer element value"/>
        <param name="japex.inputFile" value="${test.docFolder}/unsignedInteger-valid-05.xml" />
    </testCase>
    <testCase name="unsignedInteger-valid-06">
        <param name="description"  value="Valid unsigned integer element value"/>
        <param name="japex.inputFile" value="${test.docFolder}/unsignedInteger-valid-06.xml" />
    </testCase>
    <testCase name="unsignedInteger-valid-07">
        <param name="description"  value="Valid unsigned  integer element value"/>
        <param name="japex.inputFile" value="${test.docFolder}/unsignedInteger-valid-07.xml" />
    </testCase>
    <testCase name="unsignedInteger-valid-08">
        <param name="description"  value="Valid unsigned integer element value"/>
        <param name="japex.inputFile" value="${test.docFolder}/unsignedInteger-valid-08.xml" />
    </testCase>
    <testCase name="unsignedInteger-valid-09">
        <param name="description"  value="Valid unsigned integer element value"/>
        <param name="japex.inputFile" value="${test.docFolder}/unsignedInteger-valid-09.xml" />
    </testCase>
    <testCase name="unsignedInteger-valid-10">
        <param name="description"  value="Valid unsigned integer element value"/>
        <param name="japex.inputFile" value="${test.docFolder}/unsignedInteger-valid-10.xml" />
    </testCase>
    <testCase name="unsignedInteger-valid-11">
        <param name="description"  value="Valid unsigned integer element value"/>
        <param name="japex.inputFile" value="${test.docFolder}/unsignedInteger-valid-11.xml" />
    </testCase>
    <testCase name="unsignedInteger-valid-12">
        <param name="description"  value="Valid unsigned integer element value"/>
        <param name="japex.inputFile" value="${test.docFolder}/unsignedInteger-valid-12.xml" />
    </testCase>
    <testCase name="unsignedInteger-valid-13">
        <param name="description"  value="Valid unsigned integer element value"/>
        <param name="japex.inputFile" value="${test.docFolder}/unsignedInteger-valid-13.xml" />
    </testCase>

</testCaseGroup>
