<?xml version="1.0" encoding="iso-8859-1"?><pattern><pattern1>000-AA</pattern1><pattern2>pattern20</pattern2><pattern3>pattern30</pattern3><pattern4>000-AA</pattern4><pattern5></pattern5><pattern6></pattern6><pattern7></pattern7><pattern8></pattern8><pattern9></pattern9><pattern10></pattern10><pattern11>000000</pattern11><pattern12>\c</pattern12><pattern13>\c</pattern13><pattern14> </pattern14><pattern15>
b</pattern15><pattern16></pattern16><pattern17></pattern17><pattern18></pattern18><pattern19>pattern190</pattern19><pattern20>pattern200</pattern20><pattern21>�</pattern21><pattern22>&#256;</pattern22><pattern23>&#256;</pattern23><pattern24>00:00:00a000</pattern24><pattern25>00:00:00</pattern25><pattern26>T529H72b7opQKe3MedjI8</pattern26><pattern27>000-AA</pattern27><pattern28>000-AA</pattern28><pattern29>pattern290</pattern29><pattern30>pattern300</pattern30><pattern31>A</pattern31><pattern32>pattern320</pattern32><pattern33>pattern330</pattern33><pattern34>pattern340</pattern34><pattern35>0</pattern35><pattern36>000-AA</pattern36><pattern37>000-AA</pattern37></pattern>