<?xml version="1.0" encoding="UTF-8"?>
<pattern>
    <pattern1>aaa</pattern1>
    <pattern2>a</pattern2>
    <pattern3>a</pattern3>
    <pattern4>a</pattern4>
    <pattern5>P0Y0MT0H</pattern5>
    <pattern6>P</pattern6>
    <pattern7>0000-00-00T0:00:00</pattern7>
    <pattern8>0:00:00-00:00</pattern8>
    <pattern9>0000-00-00</pattern9>
    <pattern10>0000-00</pattern10>
    <pattern11>0000</pattern11>
    <pattern12>--00-00</pattern12>
    <pattern13>---00</pattern13>
    <pattern14>--00--</pattern14>
    <pattern15>aaa</pattern15>
    <pattern16>apeg</pattern16>
    <pattern17>aaa</pattern17>
    <pattern18>aaa</pattern18>
    <pattern19>aaa</pattern19>
    <pattern20>aaa</pattern20>
    <pattern21>aaa</pattern21>
    <pattern22>aaa</pattern22>
    <pattern23>aaa</pattern23>
    <pattern24>aaa</pattern24>
    <pattern25>0</pattern25>
    <pattern26>-0</pattern26>
    <pattern27>-0</pattern27>
    <pattern28>0</pattern28>
    <pattern29>0</pattern29>
    <pattern30>0</pattern30>
    <pattern31>0</pattern31>
    <pattern32>0</pattern32>
    <pattern33>0</pattern33>
    <pattern34>0</pattern34>
    <pattern35>0</pattern35>
    <pattern36>0</pattern36>
    <pattern37>0</pattern37>
    <pattern38>aaa</pattern38>
    <pattern39>00</pattern39>
    <pattern40>a</pattern40>
    <pattern41>a</pattern41>
    <pattern42>a</pattern42>
    <pattern43>P0Y0MT0H</pattern43>
    <pattern44>0000-00-00T0:00:00</pattern44>
    <pattern45>0:00:00-00:00</pattern45>
    <pattern46>0000-00-00</pattern46>
    <pattern47>0000-00</pattern47>
    <pattern48>0000</pattern48>
    <pattern49>--00-00</pattern49>
    <pattern50>---00</pattern50>
    <pattern51>--00--</pattern51>
    <pattern52>aaa</pattern52>
    <pattern53>apeg</pattern53>
    <pattern54>aaa</pattern54>
    <pattern55>aaa</pattern55>
    <pattern56>en-aa</pattern56>
    <pattern57>aaa</pattern57>
    <pattern58></pattern58>
    <pattern59></pattern59>
    <pattern60>aaa</pattern60>
    <pattern61>aaa</pattern61>
    <pattern62>aaa</pattern62>
    <pattern63>aaa</pattern63>
    <pattern64>0</pattern64>
    <pattern65>-0</pattern65>
    <pattern66>-0</pattern66>
    <pattern67>0</pattern67>
    <pattern68>0</pattern68>
    <pattern69>0</pattern69>
    <pattern70>0</pattern70>
    <pattern71>0</pattern71>
    <pattern72>0</pattern72>
    <pattern73>0</pattern73>
    <pattern74>0</pattern74>
    <pattern75>0</pattern75>
    <pattern76>0</pattern76>
</pattern>
