<?xml version="1.0" encoding="UTF-8"?>
<pattern>
    <pattern1></pattern1>
    <pattern2></pattern2>
    <pattern3></pattern3>
    <pattern4></pattern4>
    <pattern5></pattern5>
    <pattern6></pattern6>
    <pattern7></pattern7>
    <pattern8></pattern8>
    <pattern9></pattern9>
    <pattern10>00000</pattern10>
    <pattern11>00000</pattern11>
    <pattern12>00000</pattern12>
    <pattern13>A</pattern13>
    <pattern14>A</pattern14>
    <pattern15>Chapter 0</pattern15>
    <pattern16>Chapter 0</pattern16>
    <pattern17>Chapter0</pattern17>
    <pattern18>Española</pattern18>
    <pattern19>A</pattern19>
    <pattern20>Ͱ</pattern20>
    <pattern21> </pattern21>
    <pattern22>x</pattern22>
    <pattern23>x</pattern23>
    <pattern24>ax</pattern24>
    <pattern25>ax</pattern25>
    <pattern26>ax</pattern26>
    <pattern27>ax</pattern27>
    <pattern28>-x</pattern28>
    <!--<pattern29>-x</pattern29>-->
    <pattern30>x</pattern30>
    <pattern31>x</pattern31>
    <pattern32>ax</pattern32>
    <pattern33>abc</pattern33>
    <pattern34>abbx</pattern34>
    <pattern35>abbx</pattern35>
    <pattern36>abbx</pattern36>
    <pattern37>ababx</pattern37>
    <pattern38>Chapter 0</pattern38>
</pattern>
