<?xml version="1.0" encoding="UTF-8"?>
<pattern>
    <pattern1>00000</pattern1>
    <pattern2>0</pattern2>
    <pattern3>0</pattern3>
    <pattern4></pattern4>
    <pattern5></pattern5>
    <pattern6></pattern6>
    <pattern7></pattern7>
    <pattern8>11111</pattern8>
    <pattern9>11111</pattern9>
    <pattern10>00000</pattern10>
    <pattern11>00000</pattern11>
    <pattern12>00000</pattern12>
    <pattern13>00000</pattern13>
    <pattern14></pattern14>
    <pattern15></pattern15>
    <pattern16></pattern16>
    <pattern17>a</pattern17>
    <pattern18>b</pattern18>
    <pattern19>a</pattern19>
    <pattern20>b</pattern20>
    <pattern21>a</pattern21>
    <pattern22>b</pattern22>
    <pattern23>00000</pattern23>
    <pattern24></pattern24>
</pattern>
